GEOID,REPDIST,section,from_total,to_total,count_weight,proportion_weight
6037197700,101,5008,5103,5008,0.9813835,1
6037206010,105,1318,3127,1318,0.421490246,1
6037980010,109,79,164,79,0.481707317,1
6037207101,111,3047,3047,7677,1,0.396899831
6037207103,111,2077,2077,7677,1,0.270548391
6037207102,111,2553,2553,7677,1,0.332551778
6037207400,112,15,1363,15,0.011005136,1
6037206010,118,1398,3127,1398,0.447073873,1
6037206020,119,7883,7883,7883,1,1
6037207400,121,15,1363,15,0.011005136,1
6037207400,122,8,1363,8,0.005869406,1
6037207400,123,11,1363,11,0.008070433,1
6037207400,124,4,1363,4,0.002934703,1
6037207400,127,1274,1363,1274,0.934702861,1
6037206200,128,337,3386,337,0.099527466,1
6037206031,129,21,2957,21,0.007101792,1
6037207501,131,971,2218,971,0.437781785,1
6037207400,132,36,1363,3209,0.026412326,0.011218448
6037207501,132,1247,2218,3209,0.562218215,0.388594578
6037207502,132,1926,2589,3209,0.74391657,0.600186974
6037207301,133,176,4521,176,0.03892944,1
6037207301,134,179,4521,179,0.03959301,1
6037207302,135,429,3791,429,0.113162754,1
6037206200,138,1694,3386,1694,0.500295334,1
6037206031,139,1637,2957,1637,0.553601623,1
6037207502,142,663,2589,663,0.25608343,1
6037207301,143,106,4521,106,0.02344614,1
6037207302,144,813,3791,813,0.214455289,1
6037207302,145,259,3791,259,0.068319705,1
6037206200,146,568,3386,568,0.167749557,1
6037206200,147,326,3386,326,0.096278795,1
6037206200,148,461,3386,461,0.136148848,1
6037207710,151,1,2490,1,0.000401606,1
6037207710,152,749,2490,749,0.300803213,1
6037207301,153,2532,4521,2532,0.560053086,1
6037207302,154,1312,3791,1312,0.346082828,1
6037206300,155,159,7540,159,0.021087533,1
6037206300,156,2692,7540,2692,0.357029178,1
6037206300,157,765,7540,765,0.101458886,1
6037206300,158,1658,7540,1658,0.219893899,1
6037206031,159,995,2957,995,0.336489685,1
6037207710,161,2,2490,2,0.000803213,1
6037207710,162,1620,2490,1620,0.65060241,1
6037207301,163,1034,4521,1034,0.228710462,1
6037207302,164,978,3791,978,0.257979425,1
6037206300,165,49,7540,49,0.006498674,1
6037206300,166,2217,7540,2217,0.29403183,1
6037207710,171,118,2490,118,0.047389558,1
6037207301,174,494,4521,494,0.109267861,1
6037226002,176,409,1604,409,0.254987531,1
6037207900,182,3818,4163,3818,0.917127072,1
6037207900,185,345,4163,345,0.082872928,1
6037224010,191,135,2433,384,0.055487053,0.3515625
6037224020,191,249,2789,384,0.089279312,0.6484375
6037224010,192,2098,2433,2289,0.862309905,0.916557449
6037224020,192,191,2789,2289,0.068483327,0.083442551
6037224010,195,200,2433,469,0.082203042,0.426439232
6037224020,195,269,2789,469,0.096450341,0.573560768
6037191500,201,5551,5551,5551,1,1
6037191410,202,5092,5092,5092,1,1
6037191420,203,3365,3365,3365,1,1
6037195903,204,2216,2216,6356,1,0.348646948
6037195902,204,1905,1905,6356,1,0.299716803
6037195901,204,2235,2235,6356,1,0.351636249
6037195803,205,2603,2603,5246,1,0.496187571
6037195804,205,2643,2643,5246,1,0.503812429
6037192610,211,4389,4389,4389,1,1
6037192700,212,3513,3513,3513,1,1
6037195802,215,2881,2881,2881,1,1
6037195710,216,4328,4328,4328,1,1
6037208402,217,454,2775,2758,0.163603604,0.164612038
6037195720,217,2304,2304,2758,1,0.835387962
6037197500,218,3889,3889,4253,1,0.914413355
6037208000,218,364,6893,4253,0.052807196,0.085586645
6037197600,219,2376,2376,2414,1,0.984258492
6037208000,219,38,6893,2414,0.005512839,0.015741508
6037192620,221,3868,3868,3868,1,1
6037208610,231,4195,4195,4195,1,1
6037208620,233,4660,4660,4660,1,1
6037208501,235,2656,2656,6227,1,0.426529629
6037208502,235,3571,3571,6227,1,0.573470371
6037208401,236,3770,3770,6091,1,0.618945986
6037208402,236,2321,2775,6091,0.836396396,0.381054014
6037208302,237,4360,4360,8189,1,0.532421541
6037208301,237,2201,2201,8189,1,0.268775186
6037208000,237,1628,6893,8189,0.236181634,0.198803273
6037208000,238,4566,6893,4566,0.662411142,1
6037208000,239,297,6893,297,0.04308719,1
6037208710,241,4309,4309,4309,1,1
6037208801,245,2995,2995,5901,1,0.507541095
6037208802,245,2906,2906,5901,1,0.492458905
6037208903,246,4019,4019,4019,1,1
6037208904,247,3926,3926,3926,1,1
6037209103,248,3216,3216,5650,1,0.56920354
6037209104,248,2434,2434,5650,1,0.43079646
6037209200,249,2785,2785,2785,1,1
6037208720,251,4179,4179,4179,1,1
6037208902,256,2339,2339,2339,1,1
6037209102,257,5267,5267,5267,1,1
6037209401,261,3914,3914,3914,1,1
6037209402,265,3728,3728,3728,1,1
6037209403,266,3600,3600,3600,1,1
6037209300,269,5021,5021,5021,1,1
6037209510,271,2692,2692,2692,1,1
6037209520,275,2791,2791,2791,1,1
6037210010,279,1823,3520,1823,0.517897727,1
6037209810,281,2472,2472,2472,1,1
6037209820,285,2968,2968,2968,1,1
6037210010,289,1697,3520,1697,0.482102273,1
6037224310,291,2025,2025,2025,1,1
6037224200,292,4,2392,5,0.001672241,0.8
6037224320,292,1,3224,5,0.000310174,0.2
6037224320,295,3223,3224,3223,0.999689826,1
6037224200,299,2388,2392,2388,0.998327759,1
6037219901,301,377,5234,1306,0.072029041,0.288667688
6037219902,301,929,4113,1306,0.225869195,0.711332312
6037219800,303,269,3310,269,0.081268882,1
6037219700,305,1068,4306,1084,0.24802601,0.985239852
6037218702,305,16,2176,1084,0.007352941,0.014760148
6037218702,307,599,2176,599,0.275275735,1
6037224410,308,3135,3140,3135,0.998407643,1
6037224410,309,5,3140,5,0.001592357,1
6037219901,311,3027,5234,6211,0.57833397,0.487361133
6037219902,311,3184,4113,6211,0.774130805,0.512638867
6037219800,312,3041,3310,4871,0.918731118,0.624307124
6037219901,312,1830,5234,4871,0.349636989,0.375692876
6037218702,313,1561,2176,1561,0.717371324,1
6037218900,314,5464,5464,5464,1,1
6037221401,315,3359,3359,3359,1,1
6037221500,316,3507,3507,3507,1,1
6037221601,317,3403,3403,3403,1,1
6037221710,318,2621,2621,2621,1,1
6037224420,319,2369,2369,2369,1,1
6037220100,321,2334,2334,2334,1,1
6037221810,325,2773,2773,2773,1,1
6037222200,326,3965,3965,3965,1,1
6037221820,327,3095,3095,3095,1,1
6037224700,328,4685,4856,4685,0.964785832,1
6037224700,329,171,4856,171,0.035214168,1
6037219700,331,3235,4306,3235,0.751277288,1
6037220000,332,2882,5345,2882,0.53919551,1
6037220000,333,2463,5345,2463,0.46080449,1
6037219300,334,3700,3700,3700,1,1
6037219010,335,2814,2814,2814,1,1
6037222001,336,3237,3237,3237,1,1
6037222100,337,3877,3877,3877,1,1
6037221900,338,3664,3664,3664,1,1
6037236000,341,3169,4113,3169,0.770483832,1
6037236000,343,944,4113,944,0.229516168,1
6037219700,351,3,4306,3,0.000696702,1
6037219500,353,1737,1737,1737,1,1
6037219020,354,4798,4798,4798,1,1
6037222002,355,4655,4655,4655,1,1
6037222500,356,4963,4963,4963,1,1
6037222600,357,5631,5631,5631,1,1
6037222700,358,3126,3748,3126,0.834044824,1
6037231100,359,305,3350,927,0.091044776,0.329018339
6037222700,359,622,3748,927,0.165955176,0.670981661
6037236202,361,6192,6192,6192,1,1
6037236203,362,3417,3417,6620,1,0.516163142
6037236204,362,3203,3203,6620,1,0.483836858
6037236100,363,5265,5265,5265,1,1
6037234200,373,2376,2376,2376,1,1
6037234000,374,3382,5335,3382,0.633926898,1
6037231400,375,4688,4688,4688,1,1
6037231300,376,5348,5348,5348,1,1
6037231210,377,3688,3688,3688,1,1
6037231220,378,2,3824,2,0.000523013,1
6037231220,379,3822,3824,3822,0.999476987,1
6037236400,391,4113,4113,4113,1,1
6037234502,392,2698,2698,5426,1,0.497235533
6037234501,392,2728,2728,5426,1,0.502764467
6037234300,393,4098,4098,4098,1,1
6037234000,394,1953,5335,1953,0.366073102,1
6037231500,395,4752,4752,4752,1,1
6037231710,396,4358,4358,4358,1,1
6037231600,397,7110,7110,7110,1,1
6037231720,398,4305,4966,4305,0.866894885,1
6037231720,399,661,4966,661,0.133105115,1
6037199400,401,1031,4668,1031,0.220865467,1
6037199300,402,1651,3848,1651,0.429054054,1
6037199300,403,453,3848,453,0.117723493,1
6037183702,404,2802,2802,2802,1,1
6037201302,406,3732,3732,3732,1,1
6037201301,407,3442,3442,3442,1,1
6037201200,408,2519,2519,2519,1,1
6037201110,409,791,2574,4888,0.307303807,0.161824877
6037201120,409,4097,4097,4888,1,0.838175123
6037199000,411,180,5066,180,0.035530991,1
6037199000,412,3817,5066,3817,0.753454402,1
6037199400,413,1237,4668,1237,0.264995716,1
6037199300,414,1744,3848,1744,0.453222453,1
6037199201,415,4089,4089,4090,1,0.999755501
6037199202,415,1,3031,4090,0.000329924,0.000244499
6037199202,416,3030,3031,3030,0.999670076,1
6037199110,417,2710,2710,2710,1,1
6037201110,418,1783,2574,1783,0.692696193,1
6037199700,421,3411,3411,3411,1,1
6037199800,422,5631,5631,5631,1,1
6037199900,423,2683,2683,2683,1,1
6037199120,424,4086,4086,4086,1,1
6037201503,426,3323,3323,3323,1,1
6037201401,427,4803,4803,4803,1,1
6037201504,428,2428,2428,2428,1,1
6037201501,429,5227,5306,5227,0.985111195,1
6037201402,437,4311,4311,4311,1,1
6037201601,438,2288,2288,5128,1,0.446177847
6037201602,438,2840,2840,5128,1,0.553822153
6037201700,439,5093,5093,5093,1,1
6037203500,441,32,3064,32,0.010443864,1
6037203300,442,520,2607,521,0.199462984,0.998080614
6037203500,442,1,3064,521,0.000326371,0.001919386
6037203300,443,1733,2607,1733,0.664748753,1
6037203300,445,354,2607,354,0.135788262,1
6037203100,448,4839,4839,4839,1,1
6037203200,449,4844,4844,4844,1,1
6037206032,451,1837,5275,1837,0.348246445,1
6037206032,452,591,5275,591,0.112037915,1
6037203500,453,3031,3064,3031,0.989229765,1
6037206032,454,1355,5275,1355,0.256872038,1
6037203600,455,5394,5394,5394,1,1
6037203710,456,3259,3259,3259,1,1
6037203720,457,4001,4001,4001,1,1
6037203800,459,4589,4589,4589,1,1
6037206032,461,1492,5275,1492,0.282843602,1
6037206050,462,828,2146,828,0.38583411,1
6037204410,463,2363,2363,2363,1,1
6037204420,464,3138,3138,3138,1,1
6037204120,465,2643,2650,2643,0.997358491,1
6037204200,466,3303,3303,3303,1,1
6037204300,467,4787,4787,4787,1,1
6037204110,468,3078,3078,3078,1,1
6037204120,469,7,2650,2951,0.002641509,0.002372077
6037203900,469,2944,2944,2951,1,0.997627923
6037206050,471,859,2146,859,0.40027959,1
6037204600,473,4051,4101,4051,0.987807852,1
6037204700,477,3555,4972,3555,0.715004023,1
6037204810,478,4478,4478,4478,1,1
6037204910,479,3105,3105,3105,1,1
6037204600,483,50,4101,50,0.012192148,1
6037204700,487,1417,4972,1417,0.284995977,1
6037204820,488,2274,2274,2274,1,1
6037205110,489,3766,3766,3766,1,1
6037206050,491,459,2146,459,0.2138863,1
6037205120,497,3618,3618,3618,1,1
6037204920,499,2598,2598,2598,1,1
6037291300,501,2601,2601,2601,1,1
6037294410,503,4579,4579,4579,1,1
6037292000,504,6538,6543,6538,0.999235825,1
6037292000,505,4,6543,4,0.00061134,1
6037293201,506,6629,6629,6629,1,1
6037293202,507,6742,6742,6742,1,1
6037293301,508,2805,2805,2805,1,1
6037293302,509,4720,4720,4720,1,1
6037293304,511,4178,4178,4178,1,1
6037293306,512,1520,2189,1520,0.694380996,1
6037980015,513,344,554,3510,0.620938628,0.098005698
6037294421,513,2950,2950,3510,1,0.84045584
6037294302,513,216,4754,3510,0.045435423,0.061538462
6037294301,514,2448,2448,6986,1,0.350415116
6037294302,514,4538,4754,6986,0.954564577,0.649584884
6037294200,515,4951,4951,4951,1,1
6037294520,516,3564,3564,3564,1,1
6037294610,517,4065,4065,4065,1,1
6037294110,518,4140,4140,4140,1,1
6037980014,519,40,239,2410,0.167364017,0.01659751
6037294120,519,2370,2370,2410,1,0.98340249
6037294900,521,367,3265,5452,0.112404288,0.067314747
6037980015,521,210,554,5452,0.379061372,0.038517975
6037295103,521,4875,4875,5452,1,0.894167278
6037294810,522,3991,3991,3991,1,1
6037980031,523,8,1262,8,0.006339144,1
6037294900,524,2898,3265,2898,0.887595712,1
6037294830,525,3707,3707,3707,1,1
6037294820,526,3579,3579,3579,1,1
6037294830,527,0,3707,0,0,
6037294620,528,4219,4219,4219,1,1
6037980014,529,199,239,3218,0.832635983,0.061839652
6037294701,529,3019,3019,3218,1,0.938160348
6037293306,531,669,2189,2975,0.305619004,0.22487395
6037293307,531,2306,2306,2975,1,0.77512605
6037294510,532,4214,4214,4214,1,1
6037296300,541,4221,4221,4221,1,1
6037296402,551,3091,3091,6282,1,0.492040751
6037296401,551,3191,3191,6282,1,0.507959249
6037296500,555,3910,3910,3910,1,1
6037296600,557,4038,5218,4038,0.773859716,1
6037296220,558,31,4307,3051,0.007197585,0.010160603
6037980031,558,1,1262,3051,0.000792393,0.000327761
6037296210,558,3019,3019,3051,1,0.989511636
6037980031,559,1025,1262,1025,0.812202853,1
6037297400,561,48,3603,1769,0.013322231,0.027133974
6037297000,561,1721,5343,1769,0.322103687,0.972866026
6037297000,562,3622,5343,3622,0.677896313,1
6037296902,563,3851,3851,7978,1,0.482702432
6037296901,563,4127,4127,7978,1,0.517297568
6037296220,564,4276,4307,4276,0.992802415,1
6037296600,565,1180,5218,1180,0.226140284,1
6037297110,566,4679,4679,4679,1,1
6037297120,567,3254,3315,3254,0.981598793,1
6037980031,569,209,1262,209,0.165610143,1
6037297400,581,3555,3603,3555,0.986677769,1
6037297300,583,2374,2374,3274,1,0.725106903
6037297500,583,900,5163,3274,0.174317257,0.274893097
6037297500,584,3229,5163,3229,0.625411582,1
6037297202,585,3423,3423,7932,1,0.431543116
6037297201,585,3475,3475,7932,1,0.43809884
6037297500,585,1034,5163,7932,0.20027116,0.130358043
6037297602,587,3503,3503,4399,1,0.796317345
6037297601,587,896,2594,4399,0.34541249,0.203682655
6037297120,589,61,3315,1764,0.018401207,0.034580499
6037980031,589,5,1262,1764,0.003961965,0.002834467
6037297601,589,1698,2594,1764,0.65458751,0.962585034
6037980031,599,14,1262,14,0.011093502,1
6037189701,615,1932,3942,2645,0.490106545,0.730434783
6037189400,615,455,3448,2645,0.131960557,0.172022684
6037189600,615,258,3529,2645,0.073108529,0.097542533
6037194300,621,482,3037,1842,0.158709253,0.261672096
6037261101,621,1360,3499,1842,0.388682481,0.738327904
6037194101,622,3091,3091,6549,1,0.471980455
6037194102,622,3458,3458,6549,1,0.528019545
6037189702,625,1839,2227,1839,0.825774585,1
6037189400,626,2,3448,1879,0.000580046,0.001064396
6037189600,626,1877,3529,1879,0.531878719,0.998935604
6037980009,627,2,14,2993,0.142857143,0.000668226
6037189400,627,2991,3448,2993,0.867459397,0.999331774
6037189500,628,4452,4452,4452,1,1
6037980009,629,1,14,1900,0.071428571,0.000526316
6037189300,629,1899,3077,1900,0.617159571,0.999473684
6037194300,631,1981,3037,1981,0.652288443,1
6037194300,632,574,3037,5465,0.189002305,0.105032022
6037189800,632,1303,4021,5465,0.324048744,0.238426349
6037194200,632,3588,3588,5465,1,0.656541629
6037189600,635,1394,3529,1394,0.395012751,1
6037190202,636,3044,3044,5914,1,0.514710856
6037190201,636,2870,2870,5914,1,0.485289144
6037191000,637,963,3228,963,0.298327138,1
6037190301,638,4758,4758,4758,1,1
6037190401,639,3135,3135,5622,1,0.557630736
6037190402,639,2487,2487,5622,1,0.442369264
6037189800,642,2718,4021,2718,0.675951256,1
6037189903,643,2164,2164,6728,1,0.321640904
6037189904,643,2260,2260,6728,1,0.335909631
6037189905,643,2304,2304,6728,1,0.342449465
6037189902,644,4971,4971,4971,1,1
6037189702,645,388,2227,4869,0.174225415,0.079687821
6037190100,645,4481,4481,4869,1,0.920312179
6037190700,646,3379,3379,3379,1,1
6037191000,647,2265,3228,2265,0.701672862,1
6037190510,648,4227,4227,4227,1,1
6037190520,649,3728,3728,3728,1,1
6037191810,656,3498,3498,3498,1,1
6037191720,657,3770,3770,3770,1,1
6037191110,659,3338,3338,3338,1,1
6037191901,663,3355,3355,3355,1,1
6037190801,666,2594,2594,5378,1,0.482335441
6037190802,666,2784,2784,5378,1,0.517664559
6037190902,667,3960,3960,3960,1,1
6037190901,668,4742,4742,4742,1,1
6037191120,669,4135,4135,4135,1,1
6037191820,676,2647,2647,2647,1,1
6037191710,677,3231,3231,3231,1,1
6037191610,678,4502,4502,4502,1,1
6037191620,679,2789,2789,2789,1,1
6037194401,701,2388,2461,5723,0.970337261,0.417263673
6037194402,701,3335,3335,5723,1,0.582736327
6037194401,702,73,2461,3644,0.029662739,0.020032931
6037192001,702,836,2466,3644,0.339010543,0.229418222
6037192002,702,2735,2735,3644,1,0.750548847
6037192001,705,1630,2466,1630,0.660989457,1
6037191902,706,2867,2867,2867,1,1
6037194500,711,2037,2037,2037,1,1
6037214400,713,2877,2877,2877,1,1
6037214000,714,837,3898,837,0.2147255,1
6037214000,715,875,3898,875,0.224474089,1
6037214100,717,1428,3944,1428,0.362068966,1
6037192300,719,2799,2799,2799,1,1
6037700801,721,186,5220,5855,0.035632184,0.03176772
6037214901,721,3083,3083,5855,1,0.526558497
6037214902,721,2586,2586,5855,1,0.441673783
6037214800,722,2573,2573,2573,1,1
6037214600,723,2411,2411,2411,1,1
6037214501,724,504,2932,504,0.171896317,1
6037214000,725,988,3898,988,0.253463315,1
6037214000,726,1198,3898,1198,0.307337096,1
6037214100,727,2516,3944,2516,0.637931034,1
6037211000,729,1346,4431,1346,0.303768901,1
6037214700,732,2512,2512,2512,1,1
6037215101,733,1127,2477,1127,0.45498587,1
6037214501,734,2428,2932,11281,0.828103683,0.215229146
6037214503,734,3325,3325,11281,1,0.294743374
6037214502,734,5528,5528,11281,1,0.49002748
6037215102,735,1257,3110,2607,0.404180064,0.482163406
6037215101,735,1350,2477,2607,0.54501413,0.517836594
6037215102,736,1853,3110,1853,0.595819936,1
6037211000,737,851,4431,851,0.192055969,1
6037211000,738,1366,4431,1366,0.308282555,1
6037211000,739,868,4431,868,0.195892575,1
6037216300,742,1363,4526,1363,0.301148917,1
6037216300,743,3163,4526,3163,0.698851083,1
6037216200,745,4911,4911,4911,1,1
6037216100,747,2289,2289,2289,1,1
6037212702,749,3635,3635,3635,1,1
6037216800,752,3289,3289,3289,1,1
6037216900,753,2652,5060,2652,0.524110672,1
6037217100,755,2859,5374,2859,0.532005955,1
6037212800,758,4273,4273,4273,1,1
6037212900,759,4074,4074,4074,1,1
6037216700,762,3709,3709,3709,1,1
6037216900,763,2408,5060,2408,0.475889328,1
6037217100,764,2515,5374,2515,0.467994045,1
6037217200,765,3905,3905,3905,1,1
6037218110,766,680,3453,680,0.196930206,1
6037218110,767,1551,3453,1551,0.449174631,1
6037218120,769,2664,4530,2664,0.58807947,1
6037218300,773,3196,5520,3196,0.578985507,1
6037218300,774,2324,5520,2324,0.421014493,1
6037218210,775,4457,4457,4457,1,1
6037218220,776,2917,4358,2917,0.669343736,1
6037218220,777,1441,4358,1441,0.330656264,1
6037218110,778,1222,3453,1222,0.353895164,1
6037218120,779,1866,4530,1866,0.41192053,1
6037270200,782,1079,3761,3443,0.286891784,0.313389486
6037270300,782,2364,2364,3443,1,0.686610514
6037218400,783,4714,4714,4714,1,1
6037218500,784,2852,2869,2852,0.99407459,1
6037218600,785,3142,3142,3337,1,0.941564279
6037218701,785,178,2430,3337,0.073251029,0.053341325
6037218500,785,17,2869,3337,0.00592541,0.005094396
6037218701,787,1000,2430,1000,0.411522634,1
6037218701,788,1252,2430,1252,0.515226337,1
6037218800,789,2658,2658,2658,1,1
6037980019,801,97,173,3272,0.560693642,0.029645477
6037262601,801,3175,3660,3272,0.867486339,0.970354523
6037262400,802,278,3233,3952,0.085988246,0.07034413
6037980019,802,12,173,3952,0.069364162,0.003036437
6037262501,802,3662,3662,3952,1,0.926619433
6037262400,803,2955,3233,2955,0.914011754,1
6037262301,804,2744,2744,2744,1,1
6037262200,805,4675,4675,4675,1,1
6037262100,806,3586,3586,3586,1,1
6037261200,807,4341,4341,4341,1,1
6037261102,808,4362,4362,4362,1,1
6037261101,809,2128,3499,2128,0.608173764,1
6037980019,811,64,173,6639,0.369942197,0.009640006
6037262601,811,485,3660,6639,0.132513661,0.073053171
6037262604,811,6090,6092,6639,0.999671701,0.917306823
6037262303,812,3290,3290,3290,1,1
6037262302,813,2818,2818,2818,1,1
6037265410,814,1576,1576,1620,1,0.972839506
6037701100,814,44,746,1620,0.058981233,0.027160494
6037265420,815,1811,1811,1811,1,1
6037265303,816,4523,4523,4523,1,1
6037265202,817,1279,3611,1279,0.354195514,1
6037265301,818,9344,9344,9344,1,1
6037265100,819,2489,2489,2489,1,1
6037262704,821,5,3567,5,0.001401738,1
6037262704,822,3562,3567,3562,0.998598262,1
6037262706,823,3563,3563,3563,1,1
6037262802,824,3759,3759,3759,1,1
6037264000,825,2000,3358,2000,0.595592615,1
6037264000,826,1347,3358,1347,0.401131626,1
6037264102,827,2873,2873,5192,1,0.55335131
6037264103,827,2319,2319,5192,1,0.44664869
6037265202,828,2332,3611,4940,0.645804486,0.472064777
6037265201,828,2608,2608,4940,1,0.527935223
6037265700,829,4720,4720,4720,1,1
6037264000,831,11,3358,5688,0.003275759,0.001933896
6037264302,831,5677,5683,5688,0.99894422,0.998066104
6037264301,832,4646,4646,4646,1,1
6037265510,833,4234,4234,4234,1,1
6037265602,834,3042,3042,5932,1,0.512811868
6037265601,834,2890,2890,5932,1,0.487188132
6037267200,835,5917,5927,5917,0.998312806,1
6037267100,836,5949,6087,5949,0.977328733,1
6037265304,837,3570,3570,3570,1,1
6037265305,838,4082,4082,4082,1,1
6037267100,839,138,6087,277,0.022671267,0.498194946
6037267901,839,139,2428,277,0.057248764,0.501805054
6037267402,841,4580,4580,4580,1,1
6037267403,842,3011,3011,5817,1,0.517620767
6037267404,842,2806,2806,5817,1,0.482379233
6037267902,847,3375,3375,3375,1,1
6037267901,848,2289,2428,2289,0.942751236,1
6037216402,849,2615,2615,6804,1,0.384332745
6037216401,849,4189,4189,6804,1,0.615667255
6037267502,851,3243,3243,3243,1,1
6037267501,852,5379,5379,5379,1,1
6037267700,853,1560,2990,5240,0.52173913,0.297709924
6037267300,853,3680,3680,5240,1,0.702290076
6037267200,854,1,5927,27,0.000168719,0.037037037
6037265520,854,26,4561,27,0.005700504,0.962962963
6037265520,855,4535,4561,4535,0.994299496,1
6037269100,857,4359,4359,5108,1,0.853367267
6037217001,857,749,2654,5108,0.282215524,0.146632733
6037217001,858,1905,2654,1905,0.717784476,1
6037217002,859,4977,4977,4977,1,1
6037267600,881,2549,2549,2549,1,1
6037267700,882,1430,2990,1430,0.47826087,1
6037267200,883,9,5927,57,0.001518475,0.157894737
6037267800,883,48,2917,57,0.016455262,0.842105263
6037271200,884,2,2525,2871,0.000792079,0.000696621
6037267800,884,2869,2917,2871,0.983544738,0.999303379
6037269300,885,3885,3885,3885,1,1
6037269000,886,2465,5145,2465,0.479105928,1
6037269000,887,64,5145,4100,0.012439261,0.015609756
6037269500,887,4036,4036,4100,1,0.984390244
6037269602,889,3252,3252,6665,1,0.48792198
6037269601,889,3413,3413,6665,1,0.51207802
6037271200,891,366,2525,366,0.144950495,1
6037271200,892,2157,2525,2157,0.854257426,1
6037271100,893,2449,2449,2449,1,1
6037269000,895,2616,5145,2616,0.50845481,1
6037269800,896,147,3458,147,0.042510121,1
6037269800,897,3311,3458,3311,0.957489879,1
6037269700,898,4085,4085,4085,1,1
6037270200,899,2682,3761,2682,0.713108216,1
6037127400,901,3,5818,3865,0.000515641,0.000776197
6037127300,901,3862,4460,3865,0.865919283,0.999223803
6037127210,904,5526,5531,5526,0.999096004,1
6037127220,905,4931,4931,4931,1,1
6037127102,906,4726,4726,4726,1,1
6037127104,909,3573,3573,6512,1,0.548679361
6037127103,909,2939,2939,6512,1,0.451320639
6037127712,911,2991,2991,6325,1,0.472885375
6037127711,911,2736,3356,6325,0.815256257,0.43256917
6037127300,911,598,4460,6325,0.134080717,0.094545455
6037127210,914,5,5531,7975,0.000903996,0.000626959
6037127804,914,3933,3933,7975,1,0.493166144
6037127803,914,4037,4037,7975,1,0.506206897
6037127910,915,4769,4769,4769,1,1
6037127920,916,4100,4100,4100,1,1
6037123510,919,4753,4753,4753,1,1
6037127806,923,3447,3447,7215,1,0.477754678
6037127805,923,3768,3768,7215,1,0.522245322
6037128102,926,4795,4795,8533,1,0.561936013
6037128101,926,3738,3738,8533,1,0.438063987
6037123520,929,2567,2567,2567,1,1
6037127711,931,620,3356,620,0.184743743,1
6037128302,932,4688,4688,4688,1,1
6037128303,933,3982,3982,3982,1,1
6037128210,935,4822,4822,4822,1,1
6037128220,937,3011,3011,3011,1,1
6037123602,938,3332,3332,3332,1,1
6037123601,939,4995,4995,4995,1,1
6037128400,941,4114,4114,4114,1,1
6037128601,943,1279,4288,4089,0.298274254,0.312790413
6037128500,943,2810,4015,4089,0.699875467,0.687209587
6037128601,946,3009,4288,5862,0.701725746,0.513306039
6037128602,946,2853,3189,5862,0.894637817,0.486693961
6037124500,948,2779,2779,2779,1,1
6037128802,952,4325,4325,7632,1,0.566692872
6037128801,952,3307,3307,7632,1,0.433307128
6037128500,955,1205,4015,1205,0.300124533,1
6037128602,957,336,3189,336,0.105362183,1
6037128910,961,280,4083,280,0.068577027,1
6037128910,963,3803,4083,3803,0.931422973,1
6037128702,964,5639,5639,5639,1,1
6037124600,966,3123,3123,3123,1,1
6037124700,969,4796,4796,4796,1,1
6037141302,971,2817,5504,2817,0.511809593,1
6037141304,974,1073,2738,4162,0.391891892,0.257808746
6037141303,974,3089,3089,4162,1,0.742191254
6037141101,976,1285,4066,1285,0.316035416,1
6037143400,979,2120,5881,2120,0.360482911,1
6037141302,981,2687,5504,2687,0.488190407,1
6037141304,984,1665,2738,1665,0.608108108,1
6037141202,985,2800,2800,6507,1,0.430305824
6037141201,985,3707,3707,6507,1,0.569694176
6037141102,989,2869,2869,5650,1,0.507787611
6037141101,989,2781,4066,5650,0.683964584,0.492212389
6037141600,991,4029,4029,4029,1,1
6037141700,994,3091,3091,3091,1,1
6037143902,998,3000,3000,3000,1,1
6037131600,1001,5494,5494,5494,1,1
6037131010,1003,6409,6409,6409,1,1
6037131400,1004,5897,5897,5897,1,1
6037131300,1005,4902,4902,4902,1,1
6037131200,1006,3429,3429,3429,1,1
6037131100,1007,3252,3252,3252,1,1
6037127400,1008,30,5818,4361,0.005156411,0.006879156
6037980008,1008,145,145,4361,1,0.033249255
6037132101,1008,1503,4259,4361,0.352899742,0.344645723
6037132102,1008,2440,5310,4361,0.459510358,0.559504701
6037127605,1008,243,3549,4361,0.068469992,0.055721165
6037131702,1011,3386,3751,7927,0.902692615,0.427147723
6037131701,1011,4541,4541,7927,1,0.572852277
6037131020,1012,2516,5698,2516,0.441558442,1
6037131800,1015,5288,5341,5288,0.990076765,1
6037131900,1017,4086,4210,4086,0.970546318,1
6037127400,1018,4441,5818,4441,0.763320729,1
6037127400,1019,1344,5818,1344,0.231007219,1
6037133000,1021,4449,4449,4449,1,1
6037132501,1023,3763,3763,7800,1,0.482435897
6037132502,1023,3672,3672,7800,1,0.470769231
6037131702,1023,365,3751,7800,0.097307385,0.046794872
6037131020,1024,3182,5698,3182,0.558441558,1
6037131800,1025,53,5341,6547,0.009923235,0.008095311
6037132300,1025,6494,6494,6547,1,0.991904689
6037131900,1027,124,4210,4234,0.029453682,0.029286726
6037132001,1027,1457,3202,4234,0.455028107,0.344119036
6037132002,1027,2653,3299,4234,0.804183086,0.626594237
6037132101,1028,2756,4259,5626,0.647100258,0.489868468
6037132102,1028,2870,5310,5626,0.540489642,0.510131532
6037127603,1029,2938,2938,5877,1,0.499914923
6037127604,1029,2939,2939,5877,1,0.500085077
6037134901,1031,2085,3069,2085,0.679374389,1
6037133100,1033,5446,5446,5446,1,1
6037132900,1034,3461,3461,3461,1,1
6037132700,1035,4912,4912,4912,1,1
6037132001,1037,1745,3202,2391,0.544971893,0.729820159
6037132002,1037,646,3299,2391,0.195816914,0.270179841
6037127605,1039,3306,3549,6470,0.931530008,0.510973725
6037127606,1039,3164,3164,6470,1,0.489026275
6037139301,1041,3115,4462,3115,0.698117436,1
6037139302,1043,4422,4422,4422,1,1
6037139303,1044,4186,4186,4186,1,1
6037139200,1045,5175,5175,5175,1,1
6037980024,1047,97,186,4864,0.521505376,0.019942434
6037139001,1047,4767,4767,4864,1,0.980057566
6037980024,1049,89,186,89,0.478494624,1
6037137501,1061,27,4124,1808,0.006547042,0.014933628
6037139402,1061,1781,2851,1808,0.62469309,0.985066372
6037139401,1063,2645,2645,3715,1,0.711978466
6037139402,1063,1070,2851,3715,0.37530691,0.288021534
6037139504,1065,3476,3476,8133,1,0.427394565
6037139503,1065,4657,4657,8133,1,0.572605435
6037139600,1067,3892,4633,3892,0.840060436,1
6037139701,1068,379,4920,379,0.07703252,1
6037139502,1075,3007,3007,3007,1,1
6037139600,1077,741,4633,741,0.159939564,1
6037139701,1078,2236,4920,2236,0.454471545,1
6037141400,1079,3371,4412,3371,0.764052584,1
6037139801,1083,3539,3539,3539,1,1
6037139701,1088,2305,4920,2305,0.468495935,1
6037141400,1089,1041,4412,1041,0.235947416,1
6037139802,1091,3865,3865,3865,1,1
6037139703,1094,2943,2943,2943,1,1
6037139702,1097,5655,6250,5655,0.9048,1
6037139702,1098,595,6250,595,0.0952,1
6037141500,1099,2984,2984,2984,1,1
6037980009,1101,11,14,11,0.785714286,1
6037188100,1102,4076,4076,4076,1,1
6037181000,1105,2184,6144,2184,0.35546875,1
6037183221,1107,3118,3118,5394,1,0.578049685
6037183222,1107,2276,3483,5394,0.653459661,0.421950315
6037181000,1109,3960,6144,3960,0.64453125,1
6037181300,1112,49,3629,4704,0.013502342,0.010416667
6037186100,1112,4655,4715,4704,0.987274655,0.989583333
6037181300,1113,3580,3629,3640,0.986497658,0.983516484
6037186100,1113,60,4715,3640,0.012725345,0.016483516
6037181400,1115,4302,4302,4302,1,1
6037183510,1116,2725,2725,2725,1,1
6037183222,1117,48,3483,5919,0.013781223,0.008109478
6037183402,1117,1519,2820,5919,0.538652482,0.256631188
6037181600,1117,4352,4352,5919,1,0.735259334
6037183610,1118,3275,3275,3275,1,1
6037181500,1119,3812,3812,3812,1,1
6037188300,1123,3536,3536,3536,1,1
6037186301,1124,2164,2999,5616,0.721573858,0.385327635
6037186401,1124,3452,3452,5616,1,0.614672365
6037183401,1125,2543,2543,3844,1,0.661550468
6037183402,1125,1301,2820,3844,0.461347518,0.338449532
6037183300,1126,3480,3480,4639,1,0.750161673
6037183222,1126,1159,3483,4639,0.332759116,0.249838327
6037183220,1127,4114,4114,4114,1,1
6037183101,1128,3922,3922,3922,1,1
6037183104,1129,2065,2065,6032,1,0.342340849
6037183103,1129,3967,3967,6032,1,0.657659151
6037188202,1132,2347,2347,5617,1,0.417838704
6037188201,1132,3270,3270,5617,1,0.582161296
6037187101,1133,3235,3235,6485,1,0.498843485
6037187102,1133,3250,3254,6485,0.998770744,0.501156515
6037186302,1134,1,5198,5371,0.000192382,0.000186185
6037186403,1134,2899,2899,5371,1,0.539750512
6037186404,1134,2471,2471,5371,1,0.460063303
6037186301,1135,835,2999,6018,0.278426142,0.138750415
6037186302,1135,5183,5198,6018,0.997114275,0.861249585
6037186202,1136,1974,1974,7992,1,0.246996997
6037186203,1136,2936,2936,7992,1,0.367367367
6037186302,1136,14,5198,7992,0.002693344,0.001751752
6037186201,1136,3068,3068,7992,1,0.383883884
6037183520,1137,3881,3881,3881,1,1
6037183620,1138,3264,3264,3264,1,1
6037183701,1139,3922,3922,3922,1,1
6037189201,1141,3293,3293,6011,1,0.54782898
6037189202,1141,2718,2718,6011,1,0.45217102
6037189102,1142,3096,3096,5839,1,0.530227779
6037189101,1142,2743,2743,5839,1,0.469772221
6037195201,1143,2834,2834,6019,1,0.470842333
6037195202,1143,3185,3185,6019,1,0.529157667
6037195100,1144,4717,4717,4717,1,1
6037187300,1145,2877,3216,3388,0.894589552,0.849173554
6037187200,1145,126,3132,3388,0.040229885,0.037190083
6037197410,1145,385,3704,3388,0.103941685,0.113636364
6037187200,1146,3006,3132,3006,0.959770115,1
6037185204,1147,2091,2091,5291,1,0.395199395
6037185203,1147,3200,3200,5291,1,0.604800605
6037185100,1148,5903,6295,5903,0.937728356,1
6037183810,1149,4369,4369,4369,1,1
6037191201,1151,4591,4591,4591,1,1
6037195300,1152,3203,3203,3203,1,1
6037189300,1153,1178,3077,1178,0.382840429,1
6037187102,1157,4,3254,4,0.001229256,1
6037185202,1158,3712,3712,3712,1,1
6037185100,1159,392,6295,392,0.062271644,1
6037191204,1161,2124,2124,2124,1,1
6037191301,1162,2327,2327,4749,1,0.489997894
6037191302,1162,2422,2422,4749,1,0.510002106
6037191203,1163,2922,2922,2922,1,1
6037183820,1169,3464,3464,3464,1,1
6037195400,1171,4395,4395,4395,1,1
6037195500,1172,4971,4971,4971,1,1
6037187300,1173,339,3216,2730,0.105410448,0.124175824
6037197410,1173,2391,3704,2730,0.645518359,0.875824176
6037197410,1174,891,3704,891,0.240550756,1
6037980010,1175,14,164,51,0.085365854,0.274509804
6037197410,1175,37,3704,51,0.009989201,0.725490196
6037197200,1176,3757,3757,3757,1,1
6037185320,1177,3081,3081,3081,1,1
6037185310,1178,3061,3061,3061,1,1
6037199400,1179,2400,4668,2400,0.514138817,1
6037195600,1181,3340,3340,3340,1,1
6037197420,1183,3509,3509,3509,1,1
6037197300,1184,3909,3909,3909,1,1
6037197700,1185,4,5103,20,0.000783853,0.2
6037980010,1185,16,164,20,0.097560976,0.8
6037980010,1186,1,164,62,0.006097561,0.016129032
6037206010,1186,61,3127,62,0.019507515,0.983870968
6037199000,1189,1069,5066,1069,0.211014607,1
6037197700,1195,91,5103,145,0.017832647,0.627586207
6037980010,1195,54,164,145,0.329268293,0.372413793
6037206010,1199,350,3127,350,0.111928366,1
6037232400,1203,6957,6957,6957,1,1
6037232200,1204,3119,3119,3119,1,1
6037232300,1205,3926,3926,3926,1,1
6037232110,1207,3191,3191,3191,1,1
6037232120,1208,3799,5263,3799,0.721831655,1
6037232120,1209,1464,5263,1464,0.278168345,1
6037234600,1211,5024,5024,5024,1,1
6037232500,1213,4619,4619,4619,1,1
6037232600,1215,6288,6288,6288,1,1
6037232700,1218,4921,5895,4921,0.834775233,1
6037232700,1219,974,5895,974,0.165224767,1
6037235100,1231,4520,4520,4520,1,1
6037234700,1232,3888,3888,3888,1,1
6037237202,1233,2661,4388,2661,0.606426618,1
6037237201,1235,3062,3506,3977,0.873359954,0.769927081
6037237202,1235,915,4388,3977,0.208523245,0.230072919
6037237102,1239,2838,3254,5319,0.872157345,0.53355894
6037237101,1239,2481,3705,5319,0.669635628,0.46644106
6037234902,1241,4005,4005,7004,1,0.571816105
6037234901,1241,2999,2999,7004,1,0.428183895
6037234800,1242,3426,3426,3426,1,1
6037237300,1243,5262,5262,5881,1,0.894745792
6037237202,1243,619,4388,5881,0.141066545,0.105254208
6037237402,1245,3526,3526,8080,1,0.436386139
6037237401,1245,3616,3616,8080,1,0.447524752
6037237201,1245,444,3506,8080,0.126640046,0.054950495
6037237202,1245,193,4388,8080,0.043983592,0.023886139
6037237101,1245,301,3705,8080,0.081241565,0.037252475
6037237500,1248,2675,2675,3598,1,0.743468594
6037237101,1248,923,3705,3598,0.249122807,0.256531406
6037237600,1249,4259,4259,4675,1,0.911016043
6037237102,1249,416,3254,4675,0.127842655,0.088983957
6037235202,1251,4557,4557,4557,1,1
6037235201,1252,2781,2781,2781,1,1
6037237900,1253,3621,3621,3621,1,1
6037237800,1255,4371,4371,4371,1,1
6037237710,1256,3887,3887,4487,1,0.866280366
6037239601,1256,600,3755,4487,0.159786951,0.133719634
6037237720,1257,3153,3153,3748,1,0.841248666
6037239602,1257,595,3313,3748,0.179595533,0.158751334
6037239602,1258,2718,3313,5873,0.820404467,0.462795845
6037239601,1258,3155,3755,5873,0.840213049,0.537204155
6037239501,1259,3454,3454,6826,1,0.506006446
6037239502,1259,3372,3372,6826,1,0.493993554
6037238100,1263,4626,4626,4626,1,1
6037238200,1265,5267,5267,5267,1,1
6037239701,1266,765,4261,5586,0.17953532,0.136949517
6037238310,1266,4821,4821,5586,1,0.863050483
6037239702,1267,616,3927,4397,0.156862745,0.14009552
6037238320,1267,3781,3787,4397,0.998415632,0.85990448
6037239701,1268,3496,4261,6807,0.82046468,0.513588953
6037239702,1268,3311,3927,6807,0.843137255,0.486411047
6037239801,1269,3412,3412,8314,1,0.41039211
6037239802,1269,4902,4902,8314,1,0.58960789
6037238400,1273,4497,4497,4497,1,1
6037238000,1283,4745,5864,4745,0.809174625,1
6037238000,1293,1119,5864,1119,0.190825375,1
6037226002,1303,172,1604,172,0.10723192,1
6037226002,1307,696,1604,696,0.433915212,1
6037206031,1309,304,2957,304,0.102806899,1
6037226001,1313,1823,2068,1943,0.881528046,0.938239835
6037226002,1313,120,1604,1943,0.074812968,0.061760165
6037226001,1317,245,2068,452,0.118471954,0.542035398
6037226002,1317,207,1604,452,0.129052369,0.457964602
6037224020,1321,2080,2789,2080,0.74578702,1
6037226410,1322,3491,3491,3491,1,1
6037226420,1323,4906,4906,4906,1,1
6037227010,1324,3265,4662,3265,0.7003432,1
6037227020,1325,2706,3599,2706,0.751875521,1
6037227020,1326,893,3599,893,0.248124479,1
6037227010,1327,1397,4662,1397,0.2996568,1
6037224600,1331,3425,3425,3425,1,1
6037226700,1333,6170,6170,6170,1,1
6037231100,1341,1481,3350,1481,0.442089552,1
6037228410,1342,3320,3320,4884,1,0.67977068
6037231100,1342,1564,3350,4884,0.466865672,0.32022932
6037228310,1343,4449,4449,4449,1,1
6037228320,1344,3219,3219,3219,1,1
6037228210,1345,3806,3806,3806,1,1
6037228220,1346,4389,4389,4389,1,1
6037228100,1347,4916,4916,4916,1,1
6037231800,1351,5303,5303,5303,1,1
6037228500,1352,5220,5220,5220,1,1
6037228600,1353,5049,5049,5049,1,1
6037228420,1354,3150,3150,3150,1,1
6037231900,1361,5968,5968,5968,1,1
6037229300,1362,5498,5498,5498,1,1
6037229200,1363,4394,4394,4394,1,1
6037228710,1364,4235,4235,4235,1,1
6037228720,1365,4492,4492,4492,1,1
6037228800,1367,5575,5575,5575,1,1
6037232800,1371,3823,3823,3823,1,1
6037229410,1372,3343,3343,3343,1,1
6037229420,1373,4729,4729,4729,1,1
6037229100,1375,4557,4557,4557,1,1
6037228900,1377,3216,3216,3216,1,1
6037239201,1381,764,3562,764,0.214486244,1
6037239202,1383,2336,4724,5017,0.49449619,0.465616903
6037239201,1383,2681,3562,5017,0.752667041,0.534383097
6037239202,1385,2388,4724,2388,0.50550381,1
6037239310,1391,1375,3996,1492,0.344094094,0.921581769
6037239201,1391,117,3562,1492,0.032846715,0.078418231
6037239310,1393,2621,3996,2621,0.655905906,1
6037239320,1394,3444,3444,3444,1,1
6037239330,1395,2879,2879,2879,1,1
6037271300,1401,2751,4506,2751,0.610519308,1
6037271300,1402,1755,4506,1755,0.389480692,1
6037271702,1403,929,4134,1367,0.224721819,0.679590344
6037271701,1403,438,5850,1367,0.074871795,0.320409656
6037269904,1405,385,3902,385,0.09866735,1
6037269903,1406,3650,3650,7167,1,0.509278638
6037269904,1406,3517,3902,7167,0.90133265,0.490721362
6037269905,1407,2423,2423,8062,1,0.30054577
6037269907,1407,2761,2761,8062,1,0.342470851
6037269906,1407,2878,2878,8062,1,0.356983379
6037270100,1408,44,4412,44,0.009972801,1
6037270100,1409,4368,4412,4368,0.990027199,1
6037273402,1411,1,3172,1,0.000315259,1
6037273402,1412,3171,3172,3171,0.999684741,1
6037273300,1413,3695,3695,3695,1,1
6037273200,1414,3711,3711,3711,1,1
6037273100,1415,2197,2197,2197,1,1
6037271400,1416,3391,3391,3391,1,1
6037271500,1424,2937,2937,2937,1,1
6037271600,1425,2708,4475,2708,0.605139665,1
6037271600,1426,1767,4475,1767,0.394860335,1
6037271702,1427,3205,4134,3205,0.775278181,1
6037271701,1428,5412,5850,5412,0.925128205,1
6037273502,1431,2884,2884,2884,1,1
6037273600,1432,2413,2413,2413,1,1
6037273700,1433,2796,2801,2796,0.998214923,1
6037272100,1434,4347,4354,4347,0.998392283,1
6037271901,1435,2024,3087,5901,0.655652737,0.342992713
6037271902,1435,3877,3877,5901,1,0.657007287
6037271901,1436,1063,3087,1063,0.344347263,1
6037271801,1437,3635,3635,3635,1,1
6037271802,1438,5911,5911,5911,1,1
6037273902,1441,4227,4227,4227,1,1
6037273800,1443,3107,3107,3113,1,0.998072599
6037273700,1443,5,2801,3113,0.001785077,0.001606168
6037272100,1443,1,4354,3113,0.000229674,0.000321234
6037274100,1444,4418,4418,4418,1,1
6037272100,1445,6,4354,5795,0.001378043,0.001035375
6037272202,1445,3378,3378,5795,1,0.582916307
6037272201,1445,2411,2411,5795,1,0.416048318
6037272302,1446,4074,4074,4074,1,1
6037272301,1449,2941,2941,2941,1,1
6037274202,1451,23,4337,23,0.005303205,1
6037274202,1452,4314,4337,4314,0.994696795,1
6037275400,1453,3349,3349,3349,1,1
6037275302,1454,4775,4775,4775,1,1
6037275311,1455,4815,4993,4815,0.96435009,1
6037275200,1456,3887,3887,3887,1,1
6037275311,1457,178,4993,2465,0.03564991,0.072210953
6037275500,1457,2287,5207,2465,0.439216439,0.927789047
6037275102,1458,4226,4226,4226,1,1
6037275101,1459,1177,1177,1177,1,1
6037276601,1462,14,3838,14,0.003647733,1
6037275602,1463,2209,6470,2209,0.341421947,1
6037275602,1464,4006,6470,4006,0.619165379,1
6037275500,1465,4,5207,2715,0.000768197,0.001473297
6037275603,1465,2711,2711,2715,1,0.998526703
6037277000,1466,3193,5395,3193,0.5918443,1
6037276000,1467,2059,5396,2059,0.381578947,1
6037275500,1468,2916,5207,2916,0.560015364,1
6037276100,1469,5592,5592,5592,1,1
6037278102,1471,696,3158,696,0.220392654,1
6037278102,1472,2462,3158,2462,0.779607346,1
6037276601,1473,3799,3838,3799,0.989838458,1
6037276500,1474,5020,5063,5020,0.991507012,1
6037276400,1475,4009,4009,4050,1,0.989876543
6037276500,1475,41,5063,4050,0.008097966,0.010123457
6037277000,1476,2202,5395,2202,0.4081557,1
6037276000,1477,3337,5396,3337,0.618421053,1
6037277100,1479,3004,3004,3004,1,1
6037276603,1483,5252,5252,8545,1,0.614628438
6037276604,1483,3268,3983,8545,0.82048707,0.382445875
6037276601,1483,25,3838,8545,0.006513809,0.002925688
6037276500,1484,2,5063,2,0.000395023,1
6037278001,1485,1356,2458,1356,0.551668023,1
6037278001,1486,30,2458,30,0.012205045,1
6037278001,1487,1072,2458,1072,0.436126932,1
6037277200,1488,2490,2490,2490,1,1
6037277400,1489,1533,1533,1533,1,1
6037276604,1494,715,3983,715,0.17951293,1
6037980028,1495,3,4,3,0.75,1
6037980028,1499,1,4,1,0.25,1
6037122000,1501,4258,5446,4258,0.781858245,1
6037121600,1502,3005,3005,3005,1,1
6037123301,1503,4559,4559,4559,1,1
6037122410,1504,3794,3794,3794,1,1
6037122420,1505,5050,5050,5050,1,1
6037123010,1506,4580,4580,4580,1,1
6037123020,1508,2006,3432,2006,0.584498834,1
6037123020,1509,1426,3432,1426,0.415501166,1
6037122000,1511,101,5446,101,0.018545722,1
6037123303,1512,3301,3301,3301,1,1
6037123304,1513,4687,4687,4687,1,1
6037123204,1514,3449,3449,3449,1,1
6037123203,1515,3765,3765,3765,1,1
6037123205,1516,2645,2645,2645,1,1
6037123206,1517,2945,2945,2945,1,1
6037123103,1519,4165,4165,4165,1,1
6037123410,1521,4247,4247,4247,1,1
6037123420,1522,4638,4638,4638,1,1
6037123700,1523,4114,4114,4114,1,1
6037123901,1524,67,4500,67,0.014888889,1
6037123902,1525,1231,2561,5664,0.480671613,0.217337571
6037123901,1525,4433,4500,5664,0.985111111,0.782662429
6037124105,1526,2658,2658,7127,1,0.372947944
6037124104,1526,2439,2439,7127,1,0.342219728
6037124103,1526,2030,2030,7127,1,0.284832328
6037124201,1527,3506,3506,3506,1,1
6037123104,1529,4596,4596,4596,1,1
6037124400,1531,4192,4192,4192,1,1
6037123800,1532,5531,5531,5531,1,1
6037123902,1533,1330,2561,1330,0.519328387,1
6037124102,1535,3549,3549,3549,1,1
6037124203,1538,2748,2748,5819,1,0.47224609
6037124204,1538,3071,3071,5819,1,0.52775391
6037124300,1539,4046,4046,4046,1,1
6037124000,1541,2220,4550,2220,0.487912088,1
6037124903,1543,3262,3262,6028,1,0.54114134
6037124902,1543,2766,2766,6028,1,0.45885866
6037124000,1544,2330,4550,2330,0.512087912,1
6037125100,1545,5431,5431,5431,1,1
6037125200,1546,2299,3524,2299,0.652383655,1
6037125200,1547,1225,3524,1225,0.347616345,1
6037125320,1548,4843,4843,4843,1,1
6037125310,1549,4750,4750,4750,1,1
6037143400,1551,510,5881,510,0.086719946,1
6037143300,1553,2653,5871,2653,0.451882133,1
6037125401,1555,4024,4024,7568,1,0.531712474
6037125402,1555,3544,3544,7568,1,0.468287526
6037125502,1557,3083,3083,6160,1,0.500487013
6037125501,1557,3077,3077,6160,1,0.499512987
6037125600,1559,2657,2657,2657,1,1
6037143400,1562,3251,5881,3251,0.552797143,1
6037143300,1563,3218,5871,3218,0.548117867,1
6037143200,1565,1104,3743,1104,0.294950574,1
6037143200,1566,2639,3743,2639,0.705049426,1
6037143100,1567,1642,3984,1642,0.412148594,1
6037143100,1569,2342,3984,2342,0.587851406,1
6037143500,1581,4708,4708,4708,1,1
6037143602,1583,4260,4260,4260,1,1
6037143604,1585,2907,3205,4983,0.907020281,0.583383504
6037143603,1585,2076,2222,4983,0.934293429,0.416616496
6037143604,1586,298,3205,444,0.092979719,0.671171171
6037143603,1586,146,2222,444,0.065706571,0.328828829
6037189701,1588,505,3942,505,0.12810756,1
6037189701,1589,1505,3942,1505,0.381785895,1
6037143901,1591,4068,4068,4068,1,1
6037143800,1595,2659,4878,2659,0.545100451,1
6037143800,1596,2219,4878,2219,0.454899549,1
6037143700,1599,3748,3748,3748,1,1
6037104201,1601,4780,4780,4780,1,1
6037104204,1602,2859,3375,8069,0.847111111,0.354318999
6037104203,1602,5210,5210,8069,1,0.645681001
6037104204,1603,27,3375,27,0.008,1
6037104103,1605,4085,4085,4085,1,1
6037104124,1606,3652,4175,3652,0.874730539,1
6037103200,1608,1544,6150,1544,0.251056911,1
6037104310,1611,3229,4921,3229,0.656167446,1
6037104320,1612,5998,5998,5998,1,1
6037104105,1613,5379,5412,5379,0.993902439,1
6037104105,1614,33,5412,33,0.006097561,1
6037104108,1615,1294,5256,1304,0.246194825,0.992331288
6037980021,1615,10,33,1304,0.303030303,0.007668712
6037980026,1617,5,20,4083,0.25,0.00122459
6037103200,1617,4078,6150,4083,0.663089431,0.99877541
6037980026,1618,5,20,2675,0.25,0.001869159
6037103101,1618,2670,2670,2675,1,0.998130841
6037101122,1619,2981,3664,2991,0.813591703,0.996656637
6037980026,1619,10,20,2991,0.5,0.003343363
6037104401,1621,1960,3357,5189,0.583854632,0.377722104
6037104403,1621,1379,3282,5189,0.420170628,0.265754481
6037104404,1621,1850,3236,5189,0.571693449,0.356523415
6037104310,1622,1692,4921,4475,0.343832554,0.378100559
6037104401,1622,1397,3357,4475,0.416145368,0.312178771
6037104404,1622,1386,3236,4475,0.428306551,0.30972067
6037104701,1623,4208,4208,4208,1,1
6037104108,1633,3962,5256,3962,0.753805175,1
6037980021,1635,23,33,241,0.696969697,0.095435685
6037103200,1635,218,6150,241,0.035447154,0.904564315
6037103300,1636,649,3819,955,0.169939775,0.679581152
6037103200,1636,306,6150,955,0.049756098,0.320418848
6037103102,1637,4751,4751,4751,1,1
6037101110,1638,4731,4731,4731,1,1
6037101122,1639,683,3664,683,0.186408297,1
6037104822,1641,228,2277,5424,0.100131752,0.042035398
6037104403,1641,1903,3282,5424,0.579829372,0.350848083
6037104500,1641,3293,3293,5424,1,0.607116519
6037104620,1642,3539,3539,3539,1,1
6037104610,1643,3672,3672,3672,1,1
6037104704,1645,2741,4219,2741,0.649680019,1
6037104822,1651,2049,2277,5563,0.899868248,0.368326443
6037104821,1651,3514,3514,5563,1,0.631673557
6037104810,1653,5328,5328,5328,1,1
6037104703,1654,2397,2397,3875,1,0.618580645
6037104704,1654,1478,4219,3875,0.350319981,0.381419355
6037103300,1655,3161,3819,3161,0.827703587,1
6037102107,1656,161,3851,6304,0.041807323,0.02553934
6037103400,1656,6143,6143,6304,1,0.97446066
6037101210,1657,5990,5990,5990,1,1
6037101220,1658,3363,3363,3363,1,1
6037101300,1659,3033,4199,3033,0.722314837,1
6037121210,1661,466,3122,466,0.149263293,1
6037121222,1663,3244,5293,5900,0.612884942,0.549830508
6037121210,1663,2656,3122,5900,0.850736707,0.450169492
6037121102,1664,35,2721,35,0.012862918,1
6037121102,1665,1132,2721,1141,0.416023521,0.992112182
6037103300,1665,9,3819,1141,0.002356638,0.007887818
6037102107,1667,2363,3851,2363,0.613606855,1
6037101400,1668,3903,3903,3903,1,1
6037101300,1669,1166,4199,1166,0.277685163,1
6037121222,1672,2047,5293,2047,0.3867372,1
6037121222,1673,2,5293,2,0.000377858,1
6037121101,1675,1266,2932,2820,0.431787176,0.44893617
6037121102,1675,1554,2721,2820,0.571113561,0.55106383
6037121101,1676,1666,2932,2072,0.568212824,0.804054054
6037102103,1676,158,1740,2072,0.090804598,0.076254826
6037102107,1676,248,3851,2072,0.064398857,0.11969112
6037102103,1677,1573,1740,5221,0.904022989,0.301283279
6037102104,1677,3648,3648,5221,1,0.698716721
6037102103,1678,9,1740,1073,0.005172414,0.008387698
6037102107,1678,1064,3851,1073,0.276291872,0.991612302
6037102107,1679,15,3851,15,0.003895092,1
6037121010,1681,2867,4989,2867,0.574664261,1
6037121221,1682,2365,2365,2365,1,1
6037121801,1684,3942,3942,7467,1,0.527922861
6037121802,1684,3525,3525,7467,1,0.472077139
6037121900,1685,4110,4110,4110,1,1
6037122122,1687,2257,2439,5090,0.925379254,0.443418468
6037122121,1687,2833,2833,5090,1,0.556581532
6037122122,1689,182,2439,436,0.074620746,0.417431193
6037122200,1689,254,4141,436,0.061337841,0.582568807
6037121010,1691,2122,4989,2122,0.425335739,1
6037121020,1693,3741,3741,3741,1,1
6037122120,1695,5000,5000,5000,1,1
6037122200,1698,3887,4141,3887,0.938662159,1
6037102105,1699,1731,1731,1731,1,1
6037920303,1701,1,1446,10906,0.000691563,9.17E-05
6037108102,1701,459,3430,10906,0.133819242,0.042086925
6037108202,1701,4895,4895,10906,1,0.448835503
6037108201,1701,5551,5551,10906,1,0.508985879
6037108104,1703,1698,1698,1698,1,1
6037106603,1705,2979,2979,2979,1,1
6037106641,1707,2317,2317,2317,1,1
6037980022,1708,4,4,5055,1,0.000791296
6037106645,1708,3197,3389,5055,0.94334612,0.632443126
6037106646,1708,1854,3237,5055,0.572752549,0.366765579
6037109200,1709,604,2669,604,0.226301986,1
6037108102,1712,2971,3430,2971,0.866180758,1
6037108101,1713,2230,2230,2230,1,1
6037108103,1714,3256,3256,3256,1,1
6037106643,1715,4198,4320,4198,0.971759259,1
6037106642,1716,3046,3236,3046,0.941285538,1
6037109300,1717,5,3085,1560,0.001620746,0.003205128
6037106645,1717,192,3389,1560,0.05665388,0.123076923
6037106646,1717,1363,3237,1560,0.421068891,0.873717949
6037109300,1718,955,3085,2880,0.309562399,0.331597222
6037109200,1718,1925,2669,2880,0.721243912,0.668402778
6037109200,1719,140,2669,140,0.052454103,1
6037113211,1721,3787,3787,3787,1,1
6037113212,1722,3069,3069,3069,1,1
6037113101,1723,3558,3558,4760,1,0.747478992
6037113102,1723,1202,2828,4760,0.425035361,0.252521008
6037113102,1725,1626,2828,1626,0.574964639,1
6037111204,1727,4820,5859,4820,0.822665984,1
6037111206,1728,3120,4490,3120,0.694877506,1
6037111201,1729,2303,3410,2615,0.675366569,0.880688337
6037106643,1729,122,4320,2615,0.028240741,0.04665392
6037106642,1729,190,3236,2615,0.058714462,0.072657744
6037111202,1735,5213,5213,5213,1,1
6037111201,1737,1107,3410,4109,0.324633431,0.269408615
6037111100,1737,2982,2982,4109,1,0.72572402
6037106646,1737,20,3237,4109,0.00617856,0.004867364
6037109300,1738,2125,3085,2125,0.688816856,1
6037109700,1739,823,4493,823,0.183173826,1
6037111206,1743,1370,4490,1370,0.305122494,1
6037111301,1745,7087,7087,7087,1,1
6037111400,1747,5271,7560,5271,0.697222222,1
6037109700,1749,3670,4493,3670,0.816826174,1
6037113213,1751,4316,4316,4316,1,1
6037113321,1752,5473,5473,5473,1,1
6037113322,1753,2578,3947,2578,0.653154294,1
6037111205,1754,2339,3375,2339,0.693037037,1
6037111205,1755,1036,3375,1226,0.306962963,0.84502447
6037115103,1755,190,2776,1226,0.068443804,0.15497553
6037111302,1756,4786,4786,4786,1,1
6037111400,1757,2289,7560,2289,0.302777778,1
6037109800,1758,2303,4565,2303,0.50449069,1
6037109800,1759,2262,4565,2262,0.49550931,1
6037113237,1761,2552,3661,2552,0.697077301,1
6037113303,1762,2355,4006,2355,0.587868198,1
6037113322,1763,1369,3947,1369,0.346845706,1
6037113301,1764,2201,2201,2201,1,1
6037111204,1765,1039,5859,1039,0.177334016,1
6037115301,1766,1700,4156,1700,0.409047161,1
6037115201,1767,6437,6437,6511,1,0.988634618
6037115103,1767,74,2776,6511,0.026657061,0.011365382
6037115101,1768,1648,5046,1648,0.326595323,1
6037113303,1771,135,4006,135,0.033699451,1
6037113303,1772,1516,4006,1516,0.378432351,1
6037115103,1774,2512,2776,2512,0.904899135,1
6037115101,1775,1739,5046,1739,0.344629409,1
6037117302,1776,3210,4914,3210,0.653235653,1
6037117301,1777,3851,3851,3851,1,1
6037117202,1778,28,2471,28,0.011331445,1
6037117202,1779,2443,2471,2443,0.988668555,1
6037113421,1781,6109,6109,6109,1,1
6037113401,1782,1077,5543,1077,0.194299116,1
6037115301,1783,2456,4156,2456,0.590952839,1
6037115202,1785,4828,4828,4828,1,1
6037115104,1787,4444,4444,4444,1,1
6037115101,1788,1659,5046,1659,0.328775268,1
6037113422,1791,6057,6057,6057,1,1
6037113401,1792,4466,5543,4466,0.805700884,1
6037115302,1793,4351,4351,4351,1,1
6037115404,1794,2913,2913,6101,1,0.477462711
6037115403,1794,3188,3188,6101,1,0.522537289
6037115401,1795,5776,5776,5776,1,1
6037117302,1796,1704,4914,1704,0.346764347,1
6037117303,1797,3512,3512,3512,1,1
6037117404,1798,2224,4279,2224,0.519747605,1
6037117404,1799,2055,4279,2055,0.480252395,1
6037240300,1801,4968,5691,6386,0.872957301,0.777951769
6037240401,1801,1418,5383,6386,0.263421884,0.222048231
6037240300,1802,723,5691,6123,0.127042699,0.118079373
6037240200,1802,5252,5252,6123,1,0.857749469
6037238320,1802,6,3787,6123,0.001584368,0.000979912
6037240401,1802,142,5383,6123,0.026379342,0.023191246
6037240010,1803,873,3673,873,0.23768037,1
6037240010,1804,2800,3673,2800,0.76231963,1
6037240020,1805,1989,5055,1989,0.39347181,1
6037240020,1806,3066,5055,3066,0.60652819,1
6037240401,1821,3268,5383,6188,0.607096415,0.52811894
6037240402,1821,2920,3854,6188,0.757654385,0.47188106
6037240500,1822,5655,5655,7144,1,0.791573348
6037240401,1822,555,5383,7144,0.103102359,0.07768757
6037240402,1822,934,3854,7144,0.242345615,0.130739082
6037240600,1823,4932,4932,4932,1,1
6037240700,1824,6161,6161,6161,1,1
6037242300,1826,4586,4586,4586,1,1
6037242200,1827,6554,6554,6554,1,1
6037242100,1829,2778,2778,2778,1,1
6037291110,1831,3510,3510,3510,1,1
6037241201,1832,648,2898,3145,0.223602484,0.206041335
6037241110,1832,1074,3074,3145,0.349381913,0.341494436
6037241120,1832,1423,4564,3145,0.311787905,0.452464229
6037240800,1834,4377,4377,4377,1,1
6037242000,1835,1326,3938,1326,0.336719147,1
6037242000,1836,2612,3938,2612,0.663280853,1
6037242700,1837,5273,5273,5273,1,1
6037243100,1838,30,5350,3212,0.005607477,0.009339975
6037243000,1838,3182,6769,3212,0.470084207,0.990660025
6037243100,1839,4,5350,3591,0.000747664,0.001113896
6037243000,1839,3587,6769,3591,0.529915793,0.998886104
6037241201,1841,2250,2898,5241,0.776397516,0.429307384
6037241202,1841,2991,4943,5241,0.605098119,0.570692616
6037241202,1842,1095,4943,6236,0.221525389,0.175593329
6037241110,1842,2000,3074,6236,0.650618087,0.320718409
6037241120,1842,3141,4564,6236,0.688212095,0.503688262
6037240900,1844,5620,5620,5620,1,1
6037242600,1846,4409,4409,4409,1,1
6037243100,1849,5316,5350,5316,0.99364486,1
6037291120,1851,2210,2210,2210,1,1
6037241202,1861,856,4943,2990,0.173174186,0.286287625
6037241300,1861,2134,2313,2990,0.922611327,0.713712375
6037241400,1862,3285,3285,4762,1,0.689836203
6037241202,1862,1,4943,4762,0.000202306,0.000209996
6037241300,1862,179,2313,4762,0.077388673,0.037589248
6037241001,1862,1297,4285,4762,0.302683781,0.272364553
6037241002,1863,1862,3606,3788,0.51636162,0.49155227
6037241001,1863,1926,4285,3788,0.449474912,0.50844773
6037241002,1864,1744,3606,2806,0.48363838,0.621525303
6037241001,1864,1062,4285,2806,0.247841307,0.378474697
6037291130,1871,3582,3582,3582,1,1
6037291210,1881,4967,4967,4967,1,1
6037291220,1891,3353,3353,3353,1,1
6037106406,1901,18,4962,1636,0.00362757,0.011002445
6037106510,1901,1618,5108,1636,0.316758027,0.988997555
6037106406,1902,4781,4962,7495,0.963522773,0.637891928
6037106405,1902,2714,3966,7495,0.684316692,0.362108072
6037106020,1904,189,5557,4756,0.034011157,0.039739277
6037106010,1904,3152,3152,4756,1,0.6627418
6037106406,1904,163,4962,4756,0.032849657,0.034272498
6037106405,1904,1252,3966,4756,0.315683308,0.263246426
6037106020,1905,1327,5557,2031,0.238797913,0.653372723
6037106407,1905,6,2933,2031,0.002045687,0.00295421
6037106408,1905,698,3463,2031,0.201559342,0.343673067
6037106020,1906,4041,5557,4041,0.72719093,1
6037106113,1907,3493,3493,3493,1,1
6037106112,1908,5798,5969,5798,0.971351985,1
6037106111,1909,4334,4334,4334,1,1
6037106604,1911,129,5020,129,0.025697211,1
6037106510,1912,3490,5108,3490,0.683241973,1
6037106520,1913,5837,5837,5837,1,1
6037107010,1915,3247,3247,3247,1,1
6037106403,1916,3825,3825,3825,1,1
6037106407,1917,2927,2933,5692,0.997954313,0.514230499
6037106408,1917,2765,3463,5692,0.798440658,0.485769501
6037106114,1918,5880,5880,5880,1,1
6037106112,1919,171,5969,171,0.028648015,1
6037106604,1921,4891,5020,5281,0.974302789,0.92615035
6037106649,1921,390,2853,5281,0.136698212,0.07384965
6037106649,1924,2463,2853,6353,0.863301788,0.387690855
6037106648,1924,3890,3890,6353,1,0.612309145
6037107020,1925,5404,5404,5404,1,1
6037109100,1931,269,2492,269,0.107945425,1
6037109100,1934,205,2492,205,0.082263242,1
6037109100,1935,1399,2492,1399,0.561396469,1
6037109500,1936,1171,4303,1171,0.272135719,1
6037109100,1941,619,2492,619,0.248394864,1
6037109400,1943,3720,3720,3720,1,1
6037109500,1944,3132,4303,3132,0.727864281,1
6037109604,1945,380,2975,1486,0.127731092,0.255720054
6037109601,1945,1106,5020,1486,0.220318725,0.744279946
6037109604,1951,862,2975,862,0.289747899,1
6037109603,1952,1620,4252,1620,0.380997178,1
6037109603,1954,2632,4252,4365,0.619002822,0.602978236
6037109604,1954,1733,2975,4365,0.582521008,0.397021764
6037109601,1955,2040,5020,2040,0.406374502,1
6037109601,1956,1599,5020,1599,0.318525896,1
6037119201,1958,1806,4137,4222,0.436548223,0.427759356
6037119202,1958,2141,4707,4222,0.454854472,0.507105637
6037109601,1958,275,5020,4222,0.054780876,0.065135007
6037119202,1959,2566,4707,5327,0.545145528,0.481697015
6037119002,1959,2761,7210,5327,0.382940361,0.518302985
6037117201,1961,4352,4352,4352,1,1
6037117101,1962,4796,4796,7427,1,0.645751986
6037117102,1962,2631,2631,7427,1,0.354248014
6037117201,1962,0,4352,7427,0,0
6037119310,1963,3871,3871,3871,1,1
6037119320,1964,4694,4694,4694,1,1
6037119341,1966,2719,2719,5899,1,0.460925581
6037119342,1966,3180,3180,5899,1,0.539074419
6037119400,1967,4987,4987,7318,1,0.681470347
6037119201,1967,2331,4137,7318,0.563451777,0.318529653
6037119002,1969,4449,7210,4449,0.617059639,1
6037117405,1971,3442,3442,3442,1,1
6037117510,1972,4028,4028,4028,1,1
6037120108,1974,2084,4838,6170,0.430756511,0.337763371
6037120105,1974,202,2812,6170,0.071834993,0.03273906
6037119340,1974,3884,3884,6170,1,0.629497569
6037120105,1975,647,2812,647,0.230085349,1
6037119800,1977,6108,6108,6108,1,1
6037119001,1979,2091,4038,2091,0.517830609,1
6037117408,1981,2830,2830,6466,1,0.437673987
6037117407,1981,3636,3636,6466,1,0.562326013
6037117520,1982,4052,4052,4052,1,1
6037117530,1983,5641,5641,5641,1,1
6037120108,1984,2754,4838,10989,0.569243489,0.250614251
6037120107,1984,3818,3818,10989,1,0.347438347
6037120106,1984,4417,4417,10989,1,0.401947402
6037120103,1985,3287,3287,7560,1,0.43478836
6037120105,1985,1963,2812,7560,0.698079659,0.259656085
6037120104,1985,2310,2310,7560,1,0.305555556
6037120400,1987,1761,6272,6701,0.280771684,0.262796598
6037119900,1987,4940,4940,6701,1,0.737203402
6037119700,1988,3305,5045,5252,0.655104063,0.629284082
6037119001,1988,1947,4038,5252,0.482169391,0.370715918
6037122000,1989,1087,5446,1087,0.199596034,1
6037127520,1991,4045,4045,4045,1,1
6037120010,1993,2844,2844,2844,1,1
6037120020,1994,4057,4057,4057,1,1
6037120030,1995,2675,2675,2675,1,1
6037120300,1998,5531,5531,5531,1,1
6037120400,1999,4511,6272,6251,0.719228316,0.721644537
6037119700,1999,1740,5045,6251,0.344895937,0.278355463
6037192410,2001,3628,3628,3628,1,1
6037192420,2002,3637,3637,3637,1,1
6037192510,2004,3670,3670,3670,1,1
6037192520,2005,5067,5067,5067,1,1
6037211500,2011,4355,4355,4355,1,1
6037211410,2013,3095,3095,3095,1,1
6037211420,2014,3859,3859,3859,1,1
6037211201,2015,2645,2645,5290,1,0.5
6037211202,2015,2645,2645,5290,1,0.5
6037211310,2016,3846,3846,3846,1,1
6037211320,2017,3184,3184,3184,1,1
6037211121,2019,2351,2351,5426,1,0.433284187
6037211122,2019,3075,3075,5426,1,0.566715813
6037211701,2021,2827,2827,3102,1,0.911347518
6037211704,2021,275,3016,3102,0.091180371,0.088652482
6037211703,2022,4750,4750,7491,1,0.634094246
6037211704,2022,2741,3016,7491,0.908819629,0.365905754
6037211804,2023,3221,3221,6750,1,0.477185185
6037211803,2023,3529,3529,6750,1,0.522814815
6037211802,2024,4192,4192,4192,1,1
6037211910,2025,4657,4657,4657,1,1
6037211921,2026,2474,2474,5863,1,0.421968276
6037211922,2026,3389,3389,5863,1,0.578031724
6037212102,2027,2446,2446,4953,1,0.493842116
6037212101,2027,2507,2507,4953,1,0.506157884
6037211120,2029,5194,5194,5194,1,1
6037212610,2031,4074,4074,4074,1,1
6037212502,2033,2767,2767,4932,1,0.561030008
6037212501,2033,2165,2165,4932,1,0.438969992
6037212410,2034,3903,3903,3903,1,1
6037212304,2035,1804,1804,1804,1,1
6037212303,2036,3326,3326,3326,1,1
6037212203,2038,2679,2679,2679,1,1
6037212204,2039,3344,3344,3344,1,1
6037212701,2041,2430,2430,2430,1,1
6037212620,2042,4341,4341,4341,1,1
6037212420,2044,3228,3228,3228,1,1
6037212305,2045,2865,2865,2865,1,1
6037212306,2046,3052,3052,3052,1,1
6037212202,2049,3612,3612,3612,1,1
6037213201,2053,1786,4198,1786,0.425440686,1
6037213201,2054,2412,4198,2412,0.574559314,1
6037213310,2055,3477,3477,3477,1,1
6037213320,2056,2481,2481,2481,1,1
6037213401,2058,4951,4951,4951,1,1
6037213100,2062,2721,2721,2721,1,1
6037213202,2063,1863,3873,1863,0.481022463,1
6037213202,2064,2010,3873,2010,0.518977537,1
6037213402,2069,4645,4645,4645,1,1
6037221304,2071,3319,3319,4323,1,0.767753875
6037221303,2071,1004,2551,4323,0.393571149,0.232246125
6037221303,2073,1547,2551,1547,0.606428851,1
6037221210,2074,3300,3300,3300,1,1
6037221220,2076,3378,3378,3378,1,1
6037221110,2079,3565,3565,3565,1,1
6037221302,2081,3266,4403,3266,0.741766977,1
6037221302,2083,1137,4403,1137,0.258233023,1
6037221120,2088,3373,3373,3373,1,1
6037221402,2091,1099,2715,1099,0.404788214,1
6037221402,2093,1616,2715,1616,0.595211786,1
6037221602,2097,1367,2816,1367,0.485440341,1
6037221602,2099,1449,2816,1449,0.514559659,1
6037113237,2101,1109,3661,1118,0.302922699,0.991949911
6037113235,2101,2,1602,1118,0.001248439,0.001788909
6037980023,2101,7,8,1118,0.875,0.006261181
6037113231,2102,2113,2125,2114,0.994352941,0.999526963
6037980023,2102,1,8,2114,0.125,0.000473037
6037113232,2103,3859,3894,3859,0.991011813,1
6037113233,2104,2086,6655,2118,0.313448535,0.984891407
6037113232,2104,32,3894,2118,0.008217771,0.015108593
6037113233,2105,4569,6655,4572,0.686551465,0.999343832
6037113232,2105,3,3894,4572,0.000770416,0.000656168
6037113234,2106,538,4667,538,0.11527748,1
6037113234,2107,4129,4667,4129,0.88472252,1
6037134424,2111,2887,2887,6301,1,0.458181241
6037134423,2111,3414,3414,6301,1,0.541818759
6037134302,2113,3732,3732,3732,1,1
6037134304,2114,2879,2882,2879,0.998959056,1
6037134304,2115,3,2882,3850,0.001040944,0.000779221
6037134305,2115,3847,3847,3850,1,0.999220779
6037134103,2118,4193,4193,4193,1,1
6037134306,2125,3498,3498,3498,1,1
6037134201,2126,4270,4270,4270,1,1
6037134104,2128,4322,4322,4322,1,1
6037134101,2129,4922,4922,4922,1,1
6037135203,2131,583,7055,583,0.082636428,1
6037134421,2132,3941,3941,3941,1,1
6037134422,2133,4684,4684,4684,1,1
6037134303,2134,5057,5057,5057,1,1
6037134521,2136,3126,3126,7080,1,0.441525424
6037134522,2136,3954,3954,7080,1,0.558474576
6037134001,2137,2856,3765,5270,0.758565737,0.541935484
6037134002,2137,2414,3372,5270,0.715895611,0.458064516
6037134710,2138,5287,5287,5287,1,1
6037134720,2139,4594,4594,4594,1,1
6037135203,2141,5627,7055,5627,0.797590361,1
6037135202,2142,4255,4255,4255,1,1
6037135201,2143,2620,2620,2620,1,1
6037135102,2144,3513,3513,3513,1,1
6037135111,2145,2967,2967,2967,1,1
6037134520,2146,5453,5453,5453,1,1
6037134001,2147,909,3765,1867,0.241434263,0.486877343
6037134002,2147,958,3372,1867,0.284104389,0.513122657
6037134800,2148,2898,5949,2898,0.487140696,1
6037134710,2148,0,5287,2898,0,0
6037134800,2149,3051,5949,3051,0.512859304,1
6037135113,2155,2795,2795,5768,1,0.484570042
6037135114,2155,2973,4445,5768,0.668841395,0.515429958
6037135114,2156,1472,4445,1472,0.331158605,1
6037134903,2157,4216,4216,8554,1,0.492868833
6037134904,2157,4338,4338,8554,1,0.507131167
6037134905,2158,2819,2819,2819,1,1
6037134901,2159,984,3069,984,0.320625611,1
6037137302,2161,4338,4338,4401,1,0.985685072
6037135203,2161,63,7055,4401,0.008929837,0.014314928
6037137301,2162,2264,2264,2264,1,1
6037139301,2169,1347,4462,1347,0.301882564,1
6037137000,2172,2565,4697,2565,0.546093251,1
6037137000,2173,2132,4697,2132,0.453906749,1
6037137201,2175,5270,5270,5270,1,1
6037137104,2177,2717,2717,6916,1,0.392857143
6037137103,2177,4199,4199,6916,1,0.607142857
6037137402,2183,5364,5364,5364,1,1
6037137401,2185,4157,4157,4157,1,1
6037137502,2187,4202,4202,4202,1,1
6037137501,2189,4097,4124,4097,0.993452958,1
6037138000,2196,4127,4484,4127,0.920383586,1
6037137504,2197,1939,1939,1939,1,1
6037138000,2198,357,4484,357,0.079616414,1
